rank,totalRankScore,priceRankScore,reviewRankScore,TabOrder,id,LikeIt,MessageSent,Responded,title,dates,totalPrice,totalPriceRank,reviewScore,reviewScoreString,reviewScoreRank,url,nightlyRateDisplay,nights,nightlyTotalDisplay,nightlyTotalDisplayPercent,cleaningFee,airbnbFee,feeTotal,feePercent,beds,priceRank,Kitchen,Wifi,Dedicated workspace,Free parking on premises,TV,Washer,Carbon monoxide alarm,Smoke alarm,Pets allowed,Elevator,Private patio or balcony,Exterior security cameras on property,Garden view,Park view,Free driveway parking on premises – 3 spaces,HDTV with Netflix,Free washer – In building,AC - split type ductless system,Free street parking,Hot tub,Dryer,Pool,Shared sauna,Paid washer,Paid dryer,Luggage dropoff allowed,Backyard,Shared backyard – Not fully fenced,Hair dryer,Refrigerator,City skyline view,43 inch HDTV with Netflix,Free washer – In unit,Fast wifi – 264 Mbps,Shared outdoor pool - available all year,open specific hours,Shared hot tub - available all year,open specific hours,43 inch HDTV,Paid washer – In building,Paid dryer – In building,TV with Netflix,MABE refrigerator,Long term stays allowed,Private hot tub - available all year,open 24 hours,43 inch HDTV with Netflix,standard cable,Free dryer – In building,Mountain view,Bathtub,High chair,HACEB refrigerator
1,155,65,90,,1287970672680210638,,,,Apartment in Medellín,01/18/25 - 01/21/25,127,6,5,5.0 (4),1,https://www.airbnb.com/rooms/1287970672680210638?check_in=2025-01-19&guests=1&adults=1&check_out=2025-01-22,36,3,109,0.8582677165,18,0,18,0.1417322835,,1,TRUE,TRUE,TRUE,TRUE,TRUE,TRUE,FALSE,FALSE,,,,,,,,,,,,,,,,,,,,,,,,,,,,,,,,,,,,,,,,,,,,,
2,155,85,70,,855266872811779694,,,,Apartment in Envigado,01/18/25 - 01/21/25,85,2,4.9,4.9 (62),5,https://www.airbnb.com/rooms/855266872811779694?check_in=2025-01-19&guests=1&adults=1&check_out=2025-01-22,22,3,66,0.7764705882,7,12,19,0.2235294118,,2,TRUE,TRUE,TRUE,,TRUE,,FALSE,,,,,TRUE,,,,,TRUE,,,,,,,,,TRUE,,TRUE,TRUE,,,,,,,,,,,,,,,,,,,,,,,,
3,155,90,65,,1139253196673099421,,,,Apartment in Envigado,01/18/25 - 01/21/25,77,1,4.87,4.87 (54),6,https://www.airbnb.com/rooms/1139253196673099421?check_in=2025-01-19&guests=1&adults=1&check_out=2025-01-22,18,3,55,0.7142857143,11,11,22,0.2857142857,,3,TRUE,TRUE,TRUE,,TRUE,TRUE,FALSE,FALSE,,,,TRUE,,,,,,,TRUE,,,,,,,,,,,TRUE,,,,,,,,,,,,,,,,,,,,,,,
4,135,70,65,,50346247,,,,Apartment in Itagüi,01/18/25 - 01/21/25,122,5,4.87,4.87 (39),6,https://www.airbnb.com/rooms/50346247?check_in=2025-01-19&guests=1&adults=1&check_out=2025-01-22,34,3,102,0.8360655738,20,0,20,0.1639344262,4 beds,4,TRUE,TRUE,TRUE,,,,FALSE,FALSE,TRUE,,TRUE,,,,,,,,,,,,,,,,,,,,TRUE,TRUE,TRUE,,,,,,,,,,,,,,,,,,,,
5,135,80,55,,881937919451851340,,,,Apartment in Envigado,01/18/25 - 01/21/25,91,3,4.84,4.84 (103),8,https://www.airbnb.com/rooms/881937919451851340?check_in=2025-01-19&guests=1&adults=1&check_out=2025-01-22,24,3,71,0.7802197802,7,13,20,0.2197802198,2 beds,5,TRUE,TRUE,TRUE,,,TRUE,FALSE,FALSE,,,,,,,,,,TRUE,,,,,,,,,,,,,,,,,,,,,,TRUE,TRUE,TRUE,,,,,,,,,,,
6,130,40,90,2,1297397060308286954,,https://www.airbnb.com/guest/messages/2031342501,,Apartment in Sabaneta,01/18/25 - 01/21/25,142,11,5,5.0 (3),1,https://www.airbnb.com/rooms/1297397060308286954?check_in=2025-01-19&guests=1&adults=1&check_out=2025-01-22,37,3,112,0.7887323944,10,20,30,0.2112676056,,6,TRUE,TRUE,TRUE,TRUE,TRUE,TRUE,,,TRUE,TRUE,TRUE,TRUE,,,,,,,,,,,,,,,,,,,,,,,,,,,,,,,,,,,,,,,,,
7,130,50,80,,1013169488417155849,,,,Apartment in Rionegro,01/18/25 - 01/21/25,135,9,4.94,4.94 (34),3,https://www.airbnb.com/rooms/1013169488417155849?check_in=2025-01-19&guests=1&adults=1&check_out=2025-01-22,32,3,95,0.7037037037,23,17,40,0.2962962963,1 double bed,7,TRUE,TRUE,TRUE,TRUE,TRUE,,FALSE,,,TRUE,,,,,,,,,,TRUE,,TRUE,TRUE,,,,,,,,,,,,,,,,,,,,,,,,,,,,,,
8,115,30,85,,1039296194701457836,,,,Apartment in Medellín,01/18/25 - 01/21/25,156,13,4.97,4.97 (31),2,https://www.airbnb.com/rooms/1039296194701457836?check_in=2025-01-19&guests=1&adults=1&check_out=2025-01-22,45,3,134,0.858974359,0,22,22,0.141025641,,8,TRUE,TRUE,TRUE,,,,,,,,,TRUE,TRUE,TRUE,TRUE,TRUE,TRUE,TRUE,,,,,,,,,,,,,,,,,,,,,,,,,,,,,,,,,,,
9,110,25,85,,1150357217878875706,,,,Loft in Medellín,01/18/25 - 01/21/25,163,14,4.97,4.97 (31),2,https://www.airbnb.com/rooms/1150357217878875706?check_in=2025-01-19&guests=1&adults=1&check_out=2025-01-22,54,3,163,1,0,0,0,0,,9,TRUE,TRUE,TRUE,,TRUE,TRUE,,,,TRUE,,TRUE,,,,,,,TRUE,TRUE,TRUE,,,,,,,,,,,,,,,,,,,,,,,,,,,,,,,,
10,105,75,30,,1255857937042411143,,,,Apartment in Medellín,01/18/25 - 01/21/25,110,4,,,13,https://www.airbnb.com/rooms/1255857937042411143?check_in=2025-01-19&guests=1&adults=1&check_out=2025-01-22,33,3,99,0.9,11,0,11,0.1,,10,TRUE,TRUE,TRUE,,TRUE,TRUE,,,,TRUE,,TRUE,,,,,,,,,,,,,,TRUE,,,TRUE,TRUE,,,,,,,,,,,,,,,,,,,,,,,
11,100,60,40,99,1317367461385618546,Yes,"Wanted To, but Airbnb says I have to wait",,Apartment in Medellín,01/18/25 - 01/21/25,132,7,,New,11,https://www.airbnb.com/rooms/1317367461385618546?check_in=2025-01-19&guests=1&adults=1&check_out=2025-01-22,34,3,102,0.7727272727,11,19,30,0.2272727273,,11,TRUE,TRUE,,TRUE,TRUE,TRUE,,,TRUE,,,,,,,,,,,,,,,,,,,,,,,,,,,,,,,,,,,,,,,,,,,,
12,95,35,60,,53710799,,,,Loft in Medellín,01/18/25 - 01/21/25,149,12,4.85,4.85 (211),7,https://www.airbnb.com/rooms/53710799?check_in=2025-01-19&guests=1&adults=1&check_out=2025-01-22,50,3,149,1,0,0,0,0,,12,TRUE,,TRUE,TRUE,,,,,TRUE,,,,,,,,,,,,,,,,,,,,,,,,,TRUE,TRUE,TRUE,TRUE,TRUE,TRUE,,,,,,,,,,,,,,
13,90,15,75,,1188504194681500705,,,,Cabin in Caldas,01/18/25 - 01/21/25,185,16,4.92,4.92 (13),4,https://www.airbnb.com/rooms/1188504194681500705?check_in=2025-01-19&guests=1&adults=1&check_out=2025-01-22,54,3,162,0.8756756757,0,23,23,0.1243243243,,13,TRUE,TRUE,,TRUE,TRUE,,FALSE,FALSE,TRUE,,,TRUE,,,,,,,,TRUE,,,,,,,TRUE,,,,,,,,,,,,,,,,,,,,,,,,,,
14,90,55,35,,961029248039766332,,,,Apartment in Medellín,01/18/25 - 01/21/25,133,8,4.7,4.7 (33),12,https://www.airbnb.com/rooms/961029248039766332?check_in=2025-01-19&guests=1&adults=1&check_out=2025-01-22,38,3,115,0.8646616541,18,0,18,0.1353383459,1 double bed,14,TRUE,TRUE,TRUE,TRUE,TRUE,,,,,,,,,,,,,,,,,,,,,,,,,,TRUE,,TRUE,,,,,,,,,,,,,TRUE,TRUE,TRUE,,,,,
15,90,45,45,,965973869441546241,,,,Apartment in Envigado,01/18/25 - 01/21/25,139,10,4.48,4.48 (42),10,https://www.airbnb.com/rooms/965973869441546241?check_in=2025-01-19&guests=1&adults=1&check_out=2025-01-22,39,3,116,0.8345323741,23,0,23,0.1654676259,2 beds,15,TRUE,TRUE,TRUE,,,,,,,TRUE,TRUE,,,,,,TRUE,,,,,,,,,,,,TRUE,,,,,,,,TRUE,,,,,,,,TRUE,,,,TRUE,,,,
16,85,5,80,,732772935667936169,,,,Condo in Poblado,01/18/25 - 01/21/25,201,18,4.94,4.94 (117),3,https://www.airbnb.com/rooms/732772935667936169?check_in=2025-01-19&guests=1&adults=1&check_out=2025-01-22,55,3,207,1.029850746,10,25,35,0.1741293532,,16,TRUE,TRUE,TRUE,TRUE,TRUE,,,,,TRUE,,,,,,,,TRUE,,,,,,TRUE,TRUE,TRUE,,,,,,,,,,,,,,,,,,,,,,,,,,,
17,70,20,50,,1143570611519119472,,,,Loft in Medellín,01/18/25 - 01/21/25,174,15,4.81,4.81 (54),9,https://www.airbnb.com/rooms/1143570611519119472?check_in=2025-01-19&guests=1&adults=1&check_out=2025-01-22,58,3,174,1,0,0,0,0,,17,TRUE,TRUE,TRUE,TRUE,,,,,TRUE,,,TRUE,,,,,TRUE,,,,,,,,,,,,,,,,,,,,,,,,,,TRUE,TRUE,TRUE,,,,,,,,
18,65,10,55,,882852459508892079,,,,Apartment in Medellín,01/18/25 - 01/21/25,188,17,4.84,4.84 (50),8,https://www.airbnb.com/rooms/882852459508892079?check_in=2025-01-19&guests=1&adults=1&check_out=2025-01-22,50,3,150,0.7978723404,15,23,38,0.2021276596,,18,TRUE,TRUE,TRUE,TRUE,TRUE,TRUE,,,TRUE,TRUE,,,,,,,,,,,TRUE,,,,,TRUE,,,,,,,,,,,,,,,,,,,,,,,,,,,